title,label
Stock market reaches new highs on strong earnings,Positive
New medical breakthrough shows promising results,Positive
Technology innovation creates job opportunities,Positive
Community comes together to help local families,Positive
Research shows progress in renewable energy,Positive
Economic growth continues for third quarter,Positive
Education program shows improved student outcomes,Positive
Healthcare initiative expands access to care,Positive
Infrastructure investment supports local development,Positive
Environmental protection efforts show results,Positive
Data breach exposes customer information,Negative
Company announces significant layoffs,Negative
Natural disaster causes widespread damage,Negative
Economic uncertainty affects market confidence,Negative
Cyber attack disrupts essential services,Negative
Healthcare costs continue rising rapidly,Negative
Supply chain issues impact consumers,Negative
Climate change effects worsen conditions,Negative
Infrastructure failure creates safety concerns,Negative
Budget cuts reduce public services,Negative
